Data;Hora (Local);Temp. Med. (C);Temp. Max. (C);Temp. Min. (C);Umi. Med. (%);Umi. Max. (%);Umi. Min. (%);Pto Orvalho Med. (C);Pto Orvalho Max. (C);Pto Orvalho Min. (C);Pressao Tend. (hPa);Pressao Max. (hPa);Pressao Min. (hPa);Vel. Vento (m/s);Dir. Vento (graus);Raj. Vento (m/s);Radiacao (KJ/mÂ²);Chuva (mm)
01/07/2023;000;;;;;;;;;;;;;;;;;0.0
01/07/2023;100;;;;;;;;;;;;;;;;;
01/07/2023;200;;;;;;;;;;;;;;;;;
01/07/2023;300;;;;;;;;;;;;;;;;;
01/07/2023;400;;;;;;;;;;;;;;;;;
01/07/2023;500;;;;;;;;;;;;;;;;;
01/07/2023;600;;;;;;;;;;;;;;;;;
01/07/2023;700;;;;;;;;;;;;;;;;;
01/07/2023;800;;;;;;;;;;;;;;;;;
01/07/2023;900;;;;;;;;;;;;;;;;;
01/07/2023;1000;;;;;;;;;;;;;;;;;
01/07/2023;1100;;;;;;;;;;;;;;;;;
01/07/2023;1200;;;;;;;;;;;;;;;;;
01/07/2023;1300;;;;;;;;;;;;;;;;;
01/07/2023;1400;;;;;;;;;;;;;;;;;
01/07/2023;1500;;;;;;;;;;;;;;;;;
01/07/2023;1600;;;;;;;;;;;;;;;;;
01/07/2023;1700;;;;;;;;;;;;;;;;;
01/07/2023;1800;;;;;;;;;;;;;;;;;
01/07/2023;1900;;;;;;;;;;;;;;;;;
01/07/2023;2000;;;;;;;;;;;;;;;;;
01/07/2023;2100;;;;;;;;;;;;;;;;;
01/07/2023;2200;;;;;;;;;;;;;;;;;
01/07/2023;2300;;;;;;;;;;;;;;;;;
02/07/2023;000;;;;;;;;;;;;;;;;;0.0
02/07/2023;100;;;;;;;;;;;;;;;;;
02/07/2023;200;;;;;;;;;;;;;;;;;
02/07/2023;300;;;;;;;;;;;;;;;;;
02/07/2023;400;;;;;;;;;;;;;;;;;
02/07/2023;500;;;;;;;;;;;;;;;;;
02/07/2023;600;;;;;;;;;;;;;;;;;
02/07/2023;700;;;;;;;;;;;;;;;;;
02/07/2023;800;;;;;;;;;;;;;;;;;
02/07/2023;900;;;;;;;;;;;;;;;;;
02/07/2023;1000;;;;;;;;;;;;;;;;;
02/07/2023;1100;;;;;;;;;;;;;;;;;
02/07/2023;1200;;;;;;;;;;;;;;;;;
02/07/2023;1300;;;;;;;;;;;;;;;;;
02/07/2023;1400;;;;;;;;;;;;;;;;;
02/07/2023;1500;;;;;;;;;;;;;;;;;
02/07/2023;1600;;;;;;;;;;;;;;;;;
02/07/2023;1700;;;;;;;;;;;;;;;;;
02/07/2023;1800;;;;;;;;;;;;;;;;;
02/07/2023;1900;;;;;;;;;;;;;;;;;
02/07/2023;2000;;;;;;;;;;;;;;;;;
02/07/2023;2100;;;;;;;;;;;;;;;;;
02/07/2023;2200;;;;;;;;;;;;;;;;;
02/07/2023;2300;;;;;;;;;;;;;;;;;
03/07/2023;000;;;;;;;;;;;;;;;;;0.0
03/07/2023;100;;;;;;;;;;;;;;;;;
03/07/2023;200;;;;;;;;;;;;;;;;;
03/07/2023;300;;;;;;;;;;;;;;;;;
03/07/2023;400;;;;;;;;;;;;;;;;;
03/07/2023;500;;;;;;;;;;;;;;;;;
03/07/2023;600;;;;;;;;;;;;;;;;;
03/07/2023;700;;;;;;;;;;;;;;;;;
03/07/2023;800;;;;;;;;;;;;;;;;;
03/07/2023;900;;;;;;;;;;;;;;;;;
03/07/2023;1000;;;;;;;;;;;;;;;;;
03/07/2023;1100;;;;;;;;;;;;;;;;;
03/07/2023;1200;;;;;;;;;;;;;;;;;
03/07/2023;1300;;;;;;;;;;;;;;;;;
03/07/2023;1400;;;;;;;;;;;;;;;;;
03/07/2023;1500;;;;;;;;;;;;;;;;;
03/07/2023;1600;;;;;;;;;;;;;;;;;
03/07/2023;1700;;;;;;;;;;;;;;;;;
03/07/2023;1800;;;;;;;;;;;;;;;;;
03/07/2023;1900;;;;;;;;;;;;;;;;;
03/07/2023;2000;;;;;;;;;;;;;;;;;
03/07/2023;2100;;;;;;;;;;;;;;;;;
03/07/2023;2200;;;;;;;;;;;;;;;;;
03/07/2023;2300;;;;;;;;;;;;;;;;;
04/07/2023;000;;;;;;;;;;;;;;;;;0.0
04/07/2023;100;;;;;;;;;;;;;;;;;
04/07/2023;200;;;;;;;;;;;;;;;;;
04/07/2023;300;;;;;;;;;;;;;;;;;
04/07/2023;400;;;;;;;;;;;;;;;;;
04/07/2023;500;;;;;;;;;;;;;;;;;
04/07/2023;600;;;;;;;;;;;;;;;;;
04/07/2023;700;;;;;;;;;;;;;;;;;
04/07/2023;800;;;;;;;;;;;;;;;;;
04/07/2023;900;;;;;;;;;;;;;;;;;
04/07/2023;1000;;;;;;;;;;;;;;;;;
04/07/2023;1100;;;;;;;;;;;;;;;;;
04/07/2023;1200;;;;;;;;;;;;;;;;;
04/07/2023;1300;;;;;;;;;;;;;;;;;
04/07/2023;1400;;;;;;;;;;;;;;;;;
04/07/2023;1500;;;;;;;;;;;;;;;;;
04/07/2023;1600;;;;;;;;;;;;;;;;;
04/07/2023;1700;;;;;;;;;;;;;;;;;
04/07/2023;1800;;;;;;;;;;;;;;;;;
04/07/2023;1900;;;;;;;;;;;;;;;;;
04/07/2023;2000;;;;;;;;;;;;;;;;;
04/07/2023;2100;;;;;;;;;;;;;;;;;
04/07/2023;2200;;;;;;;;;;;;;;;;;
04/07/2023;2300;;;;;;;;;;;;;;;;;
05/07/2023;000;;;;;;;;;;;;;;;;;0.0
05/07/2023;100;;;;;;;;;;;;;;;;;
05/07/2023;200;;;;;;;;;;;;;;;;;
05/07/2023;300;;;;;;;;;;;;;;;;;
05/07/2023;400;;;;;;;;;;;;;;;;;
05/07/2023;500;;;;;;;;;;;;;;;;;
05/07/2023;600;;;;;;;;;;;;;;;;;
05/07/2023;700;;;;;;;;;;;;;;;;;
05/07/2023;800;;;;;;;;;;;;;;;;;
05/07/2023;900;;;;;;;;;;;;;;;;;
05/07/2023;1000;;;;;;;;;;;;;;;;;
05/07/2023;1100;;;;;;;;;;;;;;;;;
05/07/2023;1200;;;;;;;;;;;;;;;;;
05/07/2023;1300;;;;;;;;;;;;;;;;;
05/07/2023;1400;;;;;;;;;;;;;;;;;
05/07/2023;1500;;;;;;;;;;;;;;;;;
05/07/2023;1600;;;;;;;;;;;;;;;;;
05/07/2023;1700;;;;;;;;;;;;;;;;;
05/07/2023;1800;;;;;;;;;;;;;;;;;
05/07/2023;1900;;;;;;;;;;;;;;;;;
05/07/2023;2000;;;;;;;;;;;;;;;;;
05/07/2023;2100;;;;;;;;;;;;;;;;;
05/07/2023;2200;;;;;;;;;;;;;;;;;
05/07/2023;2300;;;;;;;;;;;;;;;;;
06/07/2023;000;;;;;;;;;;;;;;;;;
06/07/2023;100;;;;;;;;;;;;;;;;;
06/07/2023;200;;;;;;;;;;;;;;;;;
06/07/2023;300;;;;;;;;;;;;;;;;;
06/07/2023;400;;;;;;;;;;;;;;;;;
06/07/2023;500;;;;;;;;;;;;;;;;;
06/07/2023;600;;;;;;;;;;;;;;;;;
06/07/2023;700;;;;;;;;;;;;;;;;;
06/07/2023;800;;;;;;;;;;;;;;;;;
06/07/2023;900;18.8;19.9;18.2;78.3;80;75;14.9;15.3;14.7;0;1017.61;1017.61;5.4;248;9.7;;0.0
06/07/2023;1000;21.5;22.1;20.3;72;73;71;16.2;16.6;15.3;-0.38;1017.61;1017.27;7.6;229;12.9;;0.0
06/07/2023;1100;22.9;24.5;22.1;67.3;71;60;16.5;16.7;16.2;-0.71;1017.27;1016.59;7.9;235;12.9;;0.0
06/07/2023;1200;25.9;26.3;24.5;55.3;60;54;16.2;16.5;15.9;-1.21;1015.92;1015.58;5.9;172;9.7;;0.0
06/07/2023;1300;26.7;27;26.4;54.9;57;54;16.9;17.3;16.6;-1.04;1015.24;1014.22;7.5;64;14.5;;0.0
06/07/2023;1400;27.4;27.6;27;53.1;54;53;17;17.2;16.8;-0.46;1014.22;1013.88;5.5;221;9.7;;0.0
06/07/2023;1500;27.2;27.5;26.6;54.2;56;53;17.1;17.2;17.1;0;1013.55;1013.55;5.2;226;9.7;;0.0
06/07/2023;1600;26.2;26.5;25.6;57.7;59;57;17.2;17.3;17;0;1013.55;1013.55;3.9;175;6.4;;0.0
06/07/2023;1700;;;;;;;;;;;;;;;;;
06/07/2023;1800;;;;;;;;;;;;;;;;;
06/07/2023;1900;21.2;21.4;21.1;75.7;76;75;16.7;16.8;16.7;0;1013.55;1013.55;3.7;247;4.8;;0.0
06/07/2023;2000;20.6;21.1;20.4;80;82;76;17.1;17.2;16.7;0;1014.22;1013.88;9.4;208;11.3;;0.0
06/07/2023;2100;20.2;20.2;20.1;84.6;85;84;17.5;17.5;17.3;0.35;1014.56;1014.22;8;237;11.3;;0.0
06/07/2023;2200;20.1;20.1;20.1;84;84;84;17.3;17.3;17.3;1.44;1014.56;1014.22;8.6;247;9.7;;0.0
06/07/2023;2300;20.1;20.1;20.1;84;84;84;17.3;17.3;17.3;-1.16;1014.22;1013.88;5.6;215;6.4;;0.0
07/07/2023;000;;;;;;;;;;;;;;;;;0.0
07/07/2023;100;;;;;;;;;;;;;;;;;
07/07/2023;200;;;;;;;;;;;;;;;;;
07/07/2023;300;;;;;;;;;;;;;;;;;
07/07/2023;400;;;;;;;;;;;;;;;;;
07/07/2023;500;;;;;;;;;;;;;;;;;
07/07/2023;600;;;;;;;;;;;;;;;;;
07/07/2023;700;;;;;;;;;;;;;;;;;
07/07/2023;800;;;;;;;;;;;;;;;;;
07/07/2023;900;;;;;;;;;;;;;;;;;
07/07/2023;1000;;;;;;;;;;;;;;;;;
07/07/2023;1100;;;;;;;;;;;;;;;;;
07/07/2023;1200;;;;;;;;;;;;;;;;;
07/07/2023;1300;;;;;;;;;;;;;;;;;
07/07/2023;1400;;;;;;;;;;;;;;;;;
07/07/2023;1500;;;;;;;;;;;;;;;;;
07/07/2023;1600;;;;;;;;;;;;;;;;;
07/07/2023;1700;;;;;;;;;;;;;;;;;
07/07/2023;1800;;;;;;;;;;;;;;;;;
07/07/2023;1900;;;;;;;;;;;;;;;;;
07/07/2023;2000;;;;;;;;;;;;;;;;;
07/07/2023;2100;;;;;;;;;;;;;;;;;
07/07/2023;2200;;;;;;;;;;;;;;;;;
07/07/2023;2300;;;;;;;;;;;;;;;;;
08/07/2023;000;;;;;;;;;;;;;;;;;0.0
08/07/2023;100;;;;;;;;;;;;;;;;;
08/07/2023;200;;;;;;;;;;;;;;;;;
08/07/2023;300;;;;;;;;;;;;;;;;;
08/07/2023;400;;;;;;;;;;;;;;;;;
08/07/2023;500;;;;;;;;;;;;;;;;;
08/07/2023;600;;;;;;;;;;;;;;;;;
08/07/2023;700;;;;;;;;;;;;;;;;;
08/07/2023;800;;;;;;;;;;;;;;;;;
08/07/2023;900;;;;;;;;;;;;;;;;;
08/07/2023;1000;;;;;;;;;;;;;;;;;
08/07/2023;1100;;;;;;;;;;;;;;;;;
08/07/2023;1200;;;;;;;;;;;;;;;;;
08/07/2023;1300;;;;;;;;;;;;;;;;;
08/07/2023;1400;;;;;;;;;;;;;;;;;
08/07/2023;1500;;;;;;;;;;;;;;;;;
08/07/2023;1600;;;;;;;;;;;;;;;;;
08/07/2023;1700;;;;;;;;;;;;;;;;;
08/07/2023;1800;;;;;;;;;;;;;;;;;
08/07/2023;1900;;;;;;;;;;;;;;;;;
08/07/2023;2000;;;;;;;;;;;;;;;;;
08/07/2023;2100;;;;;;;;;;;;;;;;;
08/07/2023;2200;;;;;;;;;;;;;;;;;
08/07/2023;2300;;;;;;;;;;;;;;;;;
09/07/2023;000;;;;;;;;;;;;;;;;;0.0
09/07/2023;100;;;;;;;;;;;;;;;;;
09/07/2023;200;;;;;;;;;;;;;;;;;
09/07/2023;300;;;;;;;;;;;;;;;;;
09/07/2023;400;;;;;;;;;;;;;;;;;
09/07/2023;500;;;;;;;;;;;;;;;;;
09/07/2023;600;;;;;;;;;;;;;;;;;
09/07/2023;700;;;;;;;;;;;;;;;;;
09/07/2023;800;;;;;;;;;;;;;;;;;
09/07/2023;900;;;;;;;;;;;;;;;;;
09/07/2023;1000;;;;;;;;;;;;;;;;;
09/07/2023;1100;;;;;;;;;;;;;;;;;
09/07/2023;1200;;;;;;;;;;;;;;;;;
09/07/2023;1300;;;;;;;;;;;;;;;;;
09/07/2023;1400;;;;;;;;;;;;;;;;;
09/07/2023;1500;;;;;;;;;;;;;;;;;
09/07/2023;1600;;;;;;;;;;;;;;;;;
09/07/2023;1700;;;;;;;;;;;;;;;;;
09/07/2023;1800;;;;;;;;;;;;;;;;;
09/07/2023;1900;;;;;;;;;;;;;;;;;
09/07/2023;2000;;;;;;;;;;;;;;;;;
09/07/2023;2100;;;;;;;;;;;;;;;;;
09/07/2023;2200;;;;;;;;;;;;;;;;;
09/07/2023;2300;;;;;;;;;;;;;;;;;
10/07/2023;000;;;;;;;;;;;;;;;;;
10/07/2023;100;;;;;;;;;;;;;;;;;
10/07/2023;200;;;;;;;;;;;;;;;;;
10/07/2023;300;;;;;;;;;;;;;;;;;
10/07/2023;400;;;;;;;;;;;;;;;;;
10/07/2023;500;;;;;;;;;;;;;;;;;
10/07/2023;600;;;;;;;;;;;;;;;;;
10/07/2023;700;;;;;;;;;;;;;;;;;
10/07/2023;800;;;;;;;;;;;;;;;;;
10/07/2023;900;;;;;;;;;;;;;;;;;
10/07/2023;1000;;;;;;;;;;;;;;;;;
10/07/2023;1100;;;;;;;;;;;;;;;;;
10/07/2023;1200;19.8;21;19.3;91;93;88;18.3;18.9;18.1;-1.09;1016.93;1015.92;6.2;247;9.7;;0.0
10/07/2023;1300;21.3;21.6;21;86.6;88;85;18.9;19.1;18.8;-1.28;1015.92;1014.9;6.6;254;9.7;;0.0
10/07/2023;1400;21.7;22.1;21.1;83.3;85;83;18.7;19.1;18.3;-1.56;1014.9;1013.55;5.2;203;8;;0.0
10/07/2023;1500;20.8;21;20.6;84.8;86;84;18.1;18.2;17.9;0;1013.55;1013.21;5.5;238;8;;0.0
10/07/2023;1600;20;20.6;19.9;89.3;90;86;18.2;18.3;18.1;0.74;1014.9;1014.22;4.6;237;8;;0.5
10/07/2023;1700;19.7;19.9;19.4;91.6;93;90;18.3;18.4;18.2;-0.68;1015.24;1014.56;2.1;227;6.4;;0.5
10/07/2023;1800;19.3;19.4;19.2;93.9;94;93;18.3;18.4;18.2;0.34;1015.24;1014.9;1.1;58;6.4;;0.3
10/07/2023;1900;18.9;19.2;18.8;94.4;95;94;18;18.3;17.8;0.68;1015.92;1015.24;0.3;57;4.8;;0.0
10/07/2023;2000;18.7;18.8;18.4;93.6;94;92;17.6;17.8;17.1;0.34;1016.26;1015.92;2.5;246;8;;1.3
10/07/2023;2100;18.3;18.4;18.3;92.8;93;92;17.1;17.1;17.1;0.34;1016.59;1015.92;3.4;249;9.7;;2.0
10/07/2023;2200;18.1;18.3;17.9;92.7;93;92;16.9;17.1;16.6;0;1016.59;1016.59;3.2;249;8;;0.5
10/07/2023;2300;18.1;18.2;17.9;89.9;92;89;16.4;16.7;16.2;0.34;1016.93;1016.26;4.3;32;12.9;;0.0
11/07/2023;000;17.7;18;17.6;86.8;89;85;15.5;16.2;15.1;0.71;1017.27;1016.59;3.4;263;8;;0.0
11/07/2023;100;17.5;17.7;17.4;84.8;86;83;14.9;15.2;14.6;-0.35;1017.61;1016.93;3.3;153;11.3;;0.0
11/07/2023;200;17.6;17.8;17.5;85.8;87;84;15.2;15.3;15.1;0;1016.93;1016.59;4.5;80;11.3;;0.0
11/07/2023;300;17.7;17.8;17.6;84.6;86;84;15.1;15.2;15.1;0;1016.93;1016.59;2;164;6.4;;0.0
11/07/2023;400;18;18.1;17.8;83.7;84;83;15.2;15.3;15.1;-0.37;1016.93;1016.59;2.6;200;6.4;;0.0
11/07/2023;500;18;18.1;17.9;83.7;85;83;15.2;15.3;15.1;1.08;1017.61;1016.59;1.7;90;4.8;;0.0
11/07/2023;600;17.8;17.9;17.7;85.7;87;85;15.3;15.7;15.2;0.69;1017.95;1017.27;1.1;53;4.8;;0.0
11/07/2023;700;17.5;17.8;17.4;88.7;90;85;15.6;15.9;15.2;-0.34;1017.95;1017.61;0.1;219;3.2;;0.0
11/07/2023;800;17.9;18.4;17.5;88.3;90;86;15.9;16.1;15.7;0.39;1018.29;1017.95;1.9;263;6.4;;0.0
11/07/2023;900;18.3;18.4;18.3;87.9;89;86;16.3;16.4;16;1.12;1019.3;1018.29;2.2;263;6.4;;0.0
11/07/2023;1000;18;18.3;17.9;89.4;90;89;16.3;16.4;16.1;-0.34;1019.64;1018.96;1.5;268;4.8;;0.3
11/07/2023;1100;17.9;18.2;17.5;90.5;92;90;16.4;16.6;16.2;0;1019.3;1018.63;1.6;233;6.4;;5.1
11/07/2023;1200;17.6;17.7;17.4;93.6;94;92;16.5;16.7;16.2;-0.68;1018.63;1017.95;1.4;261;4.8;;2.8
11/07/2023;1300;17.5;17.7;17.4;94;94;94;16.5;16.7;16.4;-0.68;1017.95;1016.93;1;252;4.8;;0.3
11/07/2023;1400;17.3;17.4;17.3;94.7;95;94;16.4;16.6;16.4;0;1017.27;1016.93;2.2;260;4.8;;4.3
11/07/2023;1500;17.3;17.3;17.2;95.9;96;95;16.6;16.6;16.4;-0.69;1016.93;1016.26;1.5;264;4.8;;2.3
11/07/2023;1600;17.2;17.2;17.2;96;96;96;16.6;16.6;16.6;0;1016.59;1016.26;0.2;34;3.2;;0.5
11/07/2023;1700;17.3;17.4;17.2;96;96;96;16.6;16.7;16.6;0.34;1016.26;1015.92;0.6;264;3.2;;0.0
11/07/2023;1800;17.4;17.4;17.4;96;96;96;16.7;16.7;16.7;0;1016.59;1016.26;0.2;256;3.2;;2.3
11/07/2023;1900;17.4;17.4;17.4;96.9;97;96;16.9;16.9;16.7;0.68;1016.93;1016.26;0;336;1.6;;2.3
11/07/2023;2000;17.4;17.4;17.4;97;97;97;16.9;16.9;16.9;0;1016.93;1016.59;1.2;272;4.8;;1.0
11/07/2023;2100;17.4;17.4;17.4;97;97;97;16.9;16.9;16.9;0;1016.93;1016.59;0.4;266;4.8;;0.5
11/07/2023;2200;17.4;17.4;17.4;97;97;97;16.9;16.9;16.9;-0.35;1016.93;1016.59;0;60;1.6;;1.3
11/07/2023;2300;17.4;17.4;17.4;97;97;97;16.9;16.9;16.9;0;1016.93;1016.59;0;248;0;;1.5
12/07/2023;000;17.4;17.4;17.4;97;97;97;16.9;16.9;16.9;-0.68;1016.59;1015.92;0;23;0;;0.5
12/07/2023;100;17.4;17.6;17.4;97;97;97;16.9;17.1;16.9;0;1015.92;1015.24;0;270;0;;0.5
12/07/2023;200;17.6;17.6;17.6;97;97;97;17.1;17.1;17.1;-1.02;1015.24;1014.22;0;270;0;;0.5
12/07/2023;300;17.5;17.6;17.5;97;97;97;17;17.1;17;-0.34;1014.22;1013.55;0;270;0;;0.0
12/07/2023;400;17.5;17.5;17.5;97;97;97;17;17;17;-0.68;1013.55;1012.87;1.3;250;6.4;;2.3
12/07/2023;500;17.4;17.5;17.4;97;97;97;16.9;17;16.9;-0.34;1012.87;1012.19;0.1;109;3.2;;0.3
12/07/2023;600;17.5;17.6;17.4;97.1;98;97;17;17.3;16.9;0;1012.53;1012.53;0.1;72;3.2;;1.5
12/07/2023;700;17.6;17.7;17.6;98;98;98;17.3;17.4;17.3;0.34;1012.53;1012.19;0.3;13;3.2;;3.1
12/07/2023;800;17.9;18.2;17.7;98;98;98;17.6;17.9;17.4;0.34;1013.21;1012.53;3.8;245;9.7;;5.6
12/07/2023;900;18.2;18.3;18.2;98;98;98;17.9;17.9;17.9;0;1013.88;1013.21;2;247;4.8;;11.2
12/07/2023;1000;18.4;18.6;18.3;98;100;98;18.1;18.3;17.9;-0.34;1013.55;1013.21;2.1;250;4.8;;1.3
12/07/2023;1100;18.6;18.6;18.6;98;98;98;18.3;18.3;18.3;-0.69;1012.87;1012.19;0;293;0;;0.0
12/07/2023;1200;18.8;19;18.6;98;98;98;18.4;18.7;18.3;-1.71;1012.19;1010.5;0;338;0;;0.8
12/07/2023;1300;19.1;19.1;19;98;98;98;18.8;18.8;18.7;-1.72;1010.5;1008.81;0;23;0;;0.8
12/07/2023;1400;19.1;19.1;19;98;98;98;18.8;18.8;18.7;-1.04;1008.47;1007.11;0;45;0;;0.3
12/07/2023;1500;19.1;19.2;19.1;98;98;98;18.8;18.9;18.8;-0.68;1007.11;1006.43;0;293;0;;0.0
12/07/2023;1600;19.1;19.2;19;98;98;98;18.8;18.9;18.7;0;1006.1;1005.76;0.6;251;4.8;;0.8
12/07/2023;1700;19.3;19.4;19.1;98;98;98;18.9;19.1;18.8;-0.35;1006.1;1005.76;0.7;245;4.8;;0.0
12/07/2023;1800;19.6;19.8;19.4;98;98;98;19.3;19.4;19.1;-1.08;1005.76;1004.74;2.2;234;4.8;;0.0
12/07/2023;1900;19.9;20.1;19.8;97.6;98;97;19.5;19.6;19.4;-0.72;1004.74;1003.73;2.7;90;8;;0.3
12/07/2023;2000;20.2;20.3;20.1;95.1;97;67;19.3;19.8;13.8;-0.36;1004.06;1003.39;3.2;123;9.7;;0.5
12/07/2023;2100;20.3;20.3;20.2;97;97;97;19.8;19.8;19.7;0;1003.39;1003.39;6.4;337;11.3;;1.3
12/07/2023;2200;18.5;20.2;18.2;95;97;94;17.7;19.7;17.2;0;1005.42;1003.05;7.4;244;22.5;;23.4
12/07/2023;2300;19;19.3;18.6;94;95;90;18;18.4;17.3;-4.52;1002.71;999.32;4.7;243;11.3;;0.8
13/07/2023;000;19.1;19.1;19;88;89;87;17;17.2;16.9;0.39;998.65;998.31;14.3;229;20.9;;0.5
13/07/2023;100;20.1;20.5;19.2;80.1;86;77;16.5;16.8;16.3;-0.38;998.98;998.31;11.8;232;19.3;;0.0
13/07/2023;200;20.3;20.4;20.2;78.2;79;78;16.4;16.5;16.3;-0.63;998.31;997.97;6.8;259;11.3;;0.0
13/07/2023;300;20.3;20.6;20;75.6;78;73;15.8;16.3;15.6;-1.71;997.97;997.29;10.8;252;16.1;;0.0
13/07/2023;400;21.2;21.4;20.6;67.9;73;66;15;15.6;14.7;0;997.63;997.29;18.7;245;32.2;;2.5
13/07/2023;500;21.3;21.4;21.1;64.1;67;62;14.2;14.7;13.7;0;997.29;997.29;21.7;256;54.7;;22.1
13/07/2023;600;21.1;21.2;20.8;58.6;63;57;12.6;13.9;12.2;1.17;997.97;996.95;25.4;258;37;;43.7
13/07/2023;700;20.5;20.7;20.3;59.8;61;58;12.4;12.7;12.1;1.04;998.98;997.97;17.6;260;30.6;;2.8
13/07/2023;800;19.8;20.3;19.5;62.2;65;60;12.3;12.7;11.8;2.15;1001.02;998.98;25.1;255;35.4;;8.6
13/07/2023;900;19.6;19.9;19.3;58;61;57;11.1;11.8;10.6;0.35;1001.36;1000;22.2;262;29;;16.0
13/07/2023;1000;20.2;20.7;19.3;54.9;59;53;10.9;11.3;10.6;0.71;1001.69;1001.02;22.3;265;30.6;;11.4
13/07/2023;1100;21;21.6;20.7;52.4;54;51;10.8;11.3;10.6;0.72;1002.37;1001.36;23.4;252;35.4;;26.2
13/07/2023;1200;21.3;21.6;21.1;53;54;51;11.3;11.6;10.9;1.05;1003.39;1002.37;17.2;263;24.1;;15.0
13/07/2023;1300;21.5;22.8;21.2;53.4;55;50;11.6;12.2;11.4;0.73;1004.06;1003.39;13.8;257;22.5;;0.0
13/07/2023;1400;23.1;23.5;22.6;49;52;47;11.8;12.2;11.5;1.21;1004.06;1003.73;8;273;12.9;;0.0
13/07/2023;1500;;;;;;;;;;;;;;;;;
13/07/2023;1600;21.9;23.5;21.5;50.6;54;47;11.2;11.9;10.6;0.6;1007.45;1007.11;5.1;293;9.7;;0.0
13/07/2023;1700;20.8;21.5;19;56.3;66;50;11.7;12.9;10.6;1.46;1009.14;1007.79;3.2;250;6.4;;0.0
13/07/2023;1800;18.8;19;18.4;62.5;66;58;11.4;12.5;10.4;1.25;1010.5;1009.48;1.7;254;3.2;;0.0
13/07/2023;1900;16.4;17.9;16;73.6;75;68;11.6;11.9;11.4;1.42;1012.19;1010.84;0.8;13;4.8;;0.0
13/07/2023;2000;15.7;15.9;15.3;75.5;79;75;11.4;11.7;11.3;1.48;1013.21;1011.85;0.6;270;3.2;;0.0
13/07/2023;2100;15.1;15.3;15;80;81;79;11.7;11.8;11.6;1.16;1013.88;1013.21;0.4;270;1.6;;0.0
13/07/2023;2200;;;;;;;;;;;;;;;;;
13/07/2023;2300;14.8;15;14.2;80.8;81;80;11.5;11.8;10.8;0.78;1015.24;1014.9;0.4;45;1.6;;0.0
14/07/2023;000;;;;;;;;;;;;;;;;;0.0
14/07/2023;100;;;;;;;;;;;;;;;;;
14/07/2023;200;;;;;;;;;;;;;;;;;
14/07/2023;300;;;;;;;;;;;;;;;;;
14/07/2023;400;;;;;;;;;;;;;;;;;
14/07/2023;500;;;;;;;;;;;;;;;;;
14/07/2023;600;;;;;;;;;;;;;;;;;
14/07/2023;700;;;;;;;;;;;;;;;;;
14/07/2023;800;;;;;;;;;;;;;;;;;
14/07/2023;900;;;;;;;;;;;;;;;;;
14/07/2023;1000;;;;;;;;;;;;;;;;;
14/07/2023;1100;;;;;;;;;;;;;;;;;
14/07/2023;1200;;;;;;;;;;;;;;;;;
14/07/2023;1300;;;;;;;;;;;;;;;;;
14/07/2023;1400;;;;;;;;;;;;;;;;;
14/07/2023;1500;;;;;;;;;;;;;;;;;
14/07/2023;1600;;;;;;;;;;;;;;;;;
14/07/2023;1700;;;;;;;;;;;;;;;;;
14/07/2023;1800;;;;;;;;;;;;;;;;;
14/07/2023;1900;;;;;;;;;;;;;;;;;
14/07/2023;2000;;;;;;;;;;;;;;;;;
14/07/2023;2100;;;;;;;;;;;;;;;;;
14/07/2023;2200;;;;;;;;;;;;;;;;;
14/07/2023;2300;;;;;;;;;;;;;;;;;
15/07/2023;000;;;;;;;;;;;;;;;;;0.0
15/07/2023;100;;;;;;;;;;;;;;;;;
15/07/2023;200;;;;;;;;;;;;;;;;;
15/07/2023;300;;;;;;;;;;;;;;;;;
15/07/2023;400;;;;;;;;;;;;;;;;;
15/07/2023;500;;;;;;;;;;;;;;;;;
15/07/2023;600;;;;;;;;;;;;;;;;;
15/07/2023;700;;;;;;;;;;;;;;;;;
15/07/2023;800;;;;;;;;;;;;;;;;;
15/07/2023;900;;;;;;;;;;;;;;;;;
15/07/2023;1000;;;;;;;;;;;;;;;;;
15/07/2023;1100;;;;;;;;;;;;;;;;;
15/07/2023;1200;;;;;;;;;;;;;;;;;
15/07/2023;1300;;;;;;;;;;;;;;;;;
15/07/2023;1400;;;;;;;;;;;;;;;;;
15/07/2023;1500;;;;;;;;;;;;;;;;;
15/07/2023;1600;;;;;;;;;;;;;;;;;
15/07/2023;1700;;;;;;;;;;;;;;;;;
15/07/2023;1800;;;;;;;;;;;;;;;;;
15/07/2023;1900;;;;;;;;;;;;;;;;;
15/07/2023;2000;;;;;;;;;;;;;;;;;
15/07/2023;2100;;;;;;;;;;;;;;;;;
15/07/2023;2200;;;;;;;;;;;;;;;;;
15/07/2023;2300;;;;;;;;;;;;;;;;;
16/07/2023;000;;;;;;;;;;;;;;;;;0.0
16/07/2023;100;;;;;;;;;;;;;;;;;
16/07/2023;200;;;;;;;;;;;;;;;;;
16/07/2023;300;;;;;;;;;;;;;;;;;
16/07/2023;400;;;;;;;;;;;;;;;;;
16/07/2023;500;;;;;;;;;;;;;;;;;
16/07/2023;600;;;;;;;;;;;;;;;;;
16/07/2023;700;;;;;;;;;;;;;;;;;
16/07/2023;800;;;;;;;;;;;;;;;;;
16/07/2023;900;;;;;;;;;;;;;;;;;
16/07/2023;1000;;;;;;;;;;;;;;;;;
16/07/2023;1100;;;;;;;;;;;;;;;;;
16/07/2023;1200;;;;;;;;;;;;;;;;;
16/07/2023;1300;;;;;;;;;;;;;;;;;
16/07/2023;1400;;;;;;;;;;;;;;;;;
16/07/2023;1500;;;;;;;;;;;;;;;;;
16/07/2023;1600;;;;;;;;;;;;;;;;;
16/07/2023;1700;;;;;;;;;;;;;;;;;
16/07/2023;1800;;;;;;;;;;;;;;;;;
16/07/2023;1900;;;;;;;;;;;;;;;;;
16/07/2023;2000;;;;;;;;;;;;;;;;;
16/07/2023;2100;;;;;;;;;;;;;;;;;
16/07/2023;2200;;;;;;;;;;;;;;;;;
16/07/2023;2300;;;;;;;;;;;;;;;;;
17/07/2023;000;;;;;;;;;;;;;;;;;0.0
17/07/2023;100;;;;;;;;;;;;;;;;;
17/07/2023;200;;;;;;;;;;;;;;;;;
17/07/2023;300;;;;;;;;;;;;;;;;;
17/07/2023;400;;;;;;;;;;;;;;;;;
17/07/2023;500;;;;;;;;;;;;;;;;;
17/07/2023;600;;;;;;;;;;;;;;;;;
17/07/2023;700;;;;;;;;;;;;;;;;;
17/07/2023;800;;;;;;;;;;;;;;;;;
17/07/2023;900;;;;;;;;;;;;;;;;;
17/07/2023;1000;;;;;;;;;;;;;;;;;
17/07/2023;1100;;;;;;;;;;;;;;;;;
17/07/2023;1200;;;;;;;;;;;;;;;;;
17/07/2023;1300;;;;;;;;;;;;;;;;;
17/07/2023;1400;;;;;;;;;;;;;;;;;
17/07/2023;1500;;;;;;;;;;;;;;;;;
17/07/2023;1600;;;;;;;;;;;;;;;;;
17/07/2023;1700;;;;;;;;;;;;;;;;;
17/07/2023;1800;;;;;;;;;;;;;;;;;
17/07/2023;1900;;;;;;;;;;;;;;;;;
17/07/2023;2000;;;;;;;;;;;;;;;;;
17/07/2023;2100;;;;;;;;;;;;;;;;;
17/07/2023;2200;;;;;;;;;;;;;;;;;
17/07/2023;2300;;;;;;;;;;;;;;;;;
18/07/2023;000;;;;;;;;;;;;;;;;;
18/07/2023;100;;;;;;;;;;;;;;;;;
18/07/2023;200;;;;;;;;;;;;;;;;;
18/07/2023;300;;;;;;;;;;;;;;;;;
18/07/2023;400;;;;;;;;;;;;;;;;;
18/07/2023;500;;;;;;;;;;;;;;;;;
18/07/2023;600;;;;;;;;;;;;;;;;;
18/07/2023;700;;;;;;;;;;;;;;;;;
18/07/2023;800;12.5;12.6;12.5;76.7;77;76;8.5;8.6;8.4;1.8;1028.45;1027.77;4.9;211;11.3;;0.0
18/07/2023;900;12.9;13.3;12.6;74.7;76;74;8.5;8.7;8.3;0.68;1029.12;1028.45;4.3;240;9.7;;0.0
18/07/2023;1000;13.6;14;13.3;72;74;70;8.6;8.8;8.3;0.34;1029.46;1029.12;3.4;305;8;;0.0
18/07/2023;1100;14.4;14.7;14;69;71;67;8.8;9.1;8.6;-0.34;1029.46;1029.12;2.4;297;4.8;;0.0
18/07/2023;1200;15;15.7;14.7;66.6;68;64;8.8;9.1;8.7;-0.34;1029.12;1028.78;2.4;297;8;;0.0
18/07/2023;1300;16;16.2;15.7;63.7;64;63;9.1;9.4;8.8;-0.69;1029.12;1028.45;3.1;31;8;;0.0
18/07/2023;1400;15.8;16.2;15.3;65.4;68;64;9.3;9.5;9.1;0;1028.45;1028.45;3.7;262;8;;0.0
18/07/2023;1500;14.9;15.3;14.6;68.2;70;67;9.1;9.3;8.8;0.35;1028.78;1028.45;4.3;257;9.7;;0.0
18/07/2023;1600;14.6;14.7;14.5;68.8;70;68;9;9.2;8.8;0.34;1028.78;1028.45;3.8;95;9.7;;0.0
18/07/2023;1700;14.2;14.5;14;71.3;73;70;9.1;9.2;8.9;0.68;1029.46;1028.78;2.6;94;9.7;;0.0
18/07/2023;1800;14;14;13.9;73;73;73;9.2;9.2;9.1;0.34;1029.8;1029.46;2.5;320;6.4;;0.0
18/07/2023;1900;13.9;14;13.9;72.4;73;72;9;9.2;8.9;0.68;1030.48;1029.8;3;322;6.4;;0.0
18/07/2023;2000;14;14;14;73;73;73;9.2;9.2;9.2;0.35;1030.82;1030.48;2.6;262;6.4;;0.0
18/07/2023;2100;14;14;13.9;73.1;74;73;9.2;9.3;9.1;0;1030.82;1030.82;2.4;281;6.4;;0.0
18/07/2023;2200;13.9;13.9;13.9;73.1;74;73;9.1;9.3;9.1;0;1030.82;1030.82;2.3;289;6.4;;0.0
18/07/2023;2300;13.9;13.9;13.8;74;74;74;9.3;9.3;9.2;0.34;1031.16;1030.82;2.1;338;6.4;;0.0
19/07/2023;000;13.8;13.9;13.8;74.2;76;74;9.3;9.6;9.2;-0.34;1031.16;1030.48;1.7;198;4.8;;0.0
19/07/2023;100;13.8;13.9;13.7;74.5;77;73;9.3;9.8;9;0;1030.82;1030.82;1.7;268;4.8;;0.0
19/07/2023;200;13.9;13.9;13.9;73.2;82;73;9.2;10.9;9.1;-0.34;1030.82;1030.48;3;287;6.4;;0.0
19/07/2023;300;13.9;13.9;13.9;73.5;74;73;9.2;9.3;9.1;0.34;1030.82;1030.48;3.4;37;8;;0.0
19/07/2023;400;13.9;13.9;13.8;73.6;75;21;9.2;9.6;-8.1;0;1030.82;1030.48;3.9;284;9.7;;0.0
19/07/2023;500;13.9;13.9;13.9;75.3;76;75;9.6;9.7;9.6;0.68;1031.49;1030.82;3.1;253;6.4;;0.0
19/07/2023;600;13.8;13.9;13.8;75;75;75;9.5;9.6;9.4;0.68;1032.17;1031.49;3.2;265;8;;0.0
19/07/2023;700;13.9;14.1;13.8;75;75;75;9.5;9.7;9.4;0.34;1032.51;1032.17;4.1;269;11.3;;0.0
19/07/2023;800;14.5;15;14.1;74;75;72;9.9;10.1;9.7;0.69;1033.19;1032.51;4.2;249;9.7;;0.0
19/07/2023;900;15.3;15.8;15;72;72;72;10.3;10.7;10;0.69;1033.86;1033.19;3.3;259;8;;0.0
19/07/2023;1000;16.9;17.9;15.8;67.9;72;65;10.9;11.4;10.6;0;1033.86;1033.86;3.3;273;9.7;;0.0
19/07/2023;1100;17.3;17.8;17;67.3;68;66;11.2;11.4;11.1;0.34;1034.2;1033.86;3.6;263;8;;0.0
19/07/2023;1200;17.5;17.8;17;67.9;69;67;11.5;11.8;11.1;-0.68;1034.2;1033.19;3;273;9.7;;0.0
19/07/2023;1300;17.8;18.3;17.5;67.3;68;66;11.7;11.9;11.5;-0.34;1033.19;1032.85;3.1;177;6.4;;0.0
19/07/2023;1400;17.6;17.9;17.1;68.7;70;68;11.7;11.9;11.6;0;1032.85;1032.85;2.8;255;8;;0.0
19/07/2023;1500;16.9;17.1;16.6;72;76;70;11.8;12.3;11.6;0.34;1033.19;1032.85;3.2;269;6.4;;0.5
19/07/2023;1600;16.3;16.6;15.7;76.7;80;74;12.2;12.4;11.9;0.34;1033.53;1033.19;1;275;4.8;;0.0
19/07/2023;1700;15.3;15.7;14.9;79.7;81;79;11.8;12.3;11.4;0;1033.53;1033.19;0.8;255;4.8;;0.0
19/07/2023;1800;14.8;14.9;14.7;80.5;81;79;11.4;11.7;11.1;0.35;1033.86;1033.53;0.1;255;3.2;;0.0
19/07/2023;1900;14.7;14.8;14.6;80.9;82;80;11.5;11.7;11.3;0.34;1034.2;1033.86;0;270;0;;0.0
19/07/2023;2000;14.6;14.7;14.6;82.2;83;82;11.6;11.8;11.6;-0.34;1034.2;1033.86;0;248;0;;0.0
19/07/2023;2100;14.6;14.7;14.6;82.6;84;82;11.7;11.9;11.6;0.34;1034.2;1033.86;0;293;0;;0.0
19/07/2023;2200;14.6;14.6;14.6;83.2;84;82;11.8;11.9;11.6;0;1034.2;1034.2;0;255;1.6;;0.0
19/07/2023;2300;14.6;14.6;14.6;84.6;85;83;12;12.1;11.8;-0.34;1034.2;1033.86;0.6;325;6.4;;0.0
20/07/2023;000;14.6;14.6;14.5;85.6;87;85;12.2;12.3;12.1;-0.34;1033.86;1033.53;0.5;347;6.4;;0.0
20/07/2023;100;14.6;14.7;14.5;87.2;88;87;12.5;12.7;12.3;0;1033.53;1033.19;1.1;269;4.8;;0.0
20/07/2023;200;14.7;14.8;14.7;86.3;87;86;12.5;12.6;12.4;-0.68;1033.53;1032.85;2.4;266;4.8;;0.0
20/07/2023;300;14.7;14.8;14.6;86.5;88;86;12.5;12.7;12.4;-0.35;1032.85;1032.51;3;269;8;;0.0
20/07/2023;400;14.4;14.6;14.3;89.3;90;88;12.7;12.9;12.7;-0.68;1032.51;1031.83;3.3;267;6.4;;0.0
20/07/2023;500;14.3;14.3;14.2;92;93;90;13;13.2;12.7;0.34;1032.17;1031.83;1.2;261;4.8;;0.3
20/07/2023;600;14.2;14.3;14.2;94;95;93;13.3;13.5;13.1;0;1032.51;1032.51;1.2;266;6.4;;0.3
20/07/2023;700;14.5;14.6;14.3;95;95;95;13.7;13.8;13.5;0.34;1032.85;1032.51;1.1;270;4.8;;0.3
20/07/2023;800;14.8;15.1;14.6;95;95;95;14;14.3;13.8;0.35;1033.19;1032.85;0.5;262;3.2;;0.8
20/07/2023;900;15.4;15.7;15.1;95;95;94;14.6;14.9;14.3;0.34;1033.53;1033.19;1.8;261;4.8;;1.3
20/07/2023;1000;16.2;17.1;15.7;92.2;94;89;15;15.3;14.7;-0.34;1033.53;1032.85;3.3;262;6.4;;0.0
20/07/2023;1100;17.5;17.9;16.8;87.2;89;86;15.4;15.7;14.9;-0.68;1032.51;1031.83;4.1;261;6.4;;0.0
20/07/2023;1200;17.4;17.8;17.2;89;90;86;15.6;16.1;15.2;-1.02;1031.83;1030.82;3.5;255;8;;0.5
20/07/2023;1300;18.1;18.8;17.6;88.5;90;85;16.2;16.6;15.8;-0.68;1030.82;1030.14;4.3;222;11.3;;-3.3
20/07/2023;1400;19.3;20;18.8;81.5;85;79;16;16.2;15.7;-0.68;1030.14;1029.46;5.9;245;11.3;;0.0
20/07/2023;1500;19.6;19.9;19.4;79.8;81;79;16;16.4;15.8;0;1029.46;1029.46;5.3;283;9.7;;0.0
20/07/2023;1600;19.3;19.5;19;80.5;81;80;15.8;15.9;15.7;0.68;1030.14;1029.46;3.6;246;8;;0.0
20/07/2023;1700;18.7;19;18.3;82.2;84;81;15.6;15.7;15.4;-0.34;1030.14;1029.8;2.6;242;6.4;;0.0
20/07/2023;1800;18.2;18.3;18;85;87;84;15.6;15.8;15.4;0;1029.8;1029.8;1.4;245;4.8;;0.0
20/07/2023;1900;17.9;18;17.9;87;87;87;15.7;15.8;15.7;0.35;1030.14;1029.8;1.5;251;4.8;;0.0
20/07/2023;2000;17.7;17.9;17.7;88.1;89;87;15.8;15.9;15.6;0;1030.14;1029.8;2.3;260;6.4;;0.0
20/07/2023;2100;17.7;17.7;17.7;89;89;89;15.9;15.9;15.9;0.34;1030.14;1029.8;5.2;254;11.3;;0.0
20/07/2023;2200;17.4;17.7;17.3;91.6;92;89;16;16.1;15.8;0;1030.14;1030.14;6;260;12.9;;0.3
20/07/2023;2300;17.2;17.3;17.2;92;92;92;15.9;15.9;15.9;-0.34;1030.14;1029.8;3.3;258;6.4;;0.0
21/07/2023;000;17.1;17.2;16.8;92;93;92;15.7;15.9;15.4;0;1029.8;1029.8;0.6;255;4.8;;0.0
21/07/2023;100;16.6;16.8;16.4;93.1;94;93;15.5;15.6;15.3;-0.34;1029.8;1029.46;0.2;253;3.2;;0.0
21/07/2023;200;16.2;16.7;16;94.3;95;94;15.3;15.9;15.1;-0.68;1029.46;1028.78;1.2;261;6.4;;0.0
21/07/2023;300;17.4;17.7;16.7;92;95;90;16;16.1;15.9;-0.68;1028.78;1028.11;5.7;256;11.3;;0.0
21/07/2023;400;18;18.2;17.7;88.1;90;87;16;16.1;15.9;0;1027.77;1027.43;8.1;262;12.9;;0.0
21/07/2023;500;18;18.2;18;89.5;91;87;16.3;16.5;15.9;0.34;1028.11;1027.43;6.4;252;12.9;;0.0
21/07/2023;600;17.8;18;17.8;91.5;92;91;16.4;16.5;16.3;0.34;1028.45;1028.11;4.9;250;9.7;;0.3
21/07/2023;700;17.7;17.8;17.7;91;91;91;16.2;16.3;16.2;0;1028.78;1028.45;4.8;255;9.7;;0.0
21/07/2023;800;18.1;18.7;17.7;90.5;91;89;16.6;17.1;16.2;0;1029.12;1028.78;7.2;256;12.9;;0.0
21/07/2023;900;19.5;20;18.8;86.2;89;85;17.1;17.4;16.8;0.68;1029.8;1029.12;5;244;9.7;;0.0
21/07/2023;1000;20.1;20.9;19.2;84.9;89;81;17.4;17.8;17.2;-0.34;1030.14;1029.46;6.5;240;14.5;;0.0
21/07/2023;1100;21.7;22.2;20.7;77.9;82;77;17.6;18.1;17.3;-0.68;1029.46;1028.78;8.3;245;14.5;;0.0
21/07/2023;1200;22.5;23.2;21.9;75.9;77;74;18;18.6;17.7;-1.36;1028.78;1027.43;8.6;245;16.1;;0.0
21/07/2023;1300;23.3;23.8;22.7;73.4;75;72;18.2;18.6;18;-0.68;1027.43;1026.75;6.9;220;16.1;;0.0
21/07/2023;1400;23.5;23.8;23.2;72;73;71;18.2;18.4;17.9;-0.34;1026.75;1026.41;7.5;355;14.5;;0.0
21/07/2023;1500;22.4;23.3;21.6;74.4;77;72;17.6;18.2;17.2;-0.35;1026.41;1026.08;7.2;170;16.1;;0.0
21/07/2023;1600;20.9;21.5;20.4;79.3;82;77;17.2;17.4;17;-0.34;1026.08;1025.74;6.4;219;14.5;;0.0
21/07/2023;1700;19.9;20.4;19.5;83.7;85;82;17.1;17.2;16.9;0.34;1026.08;1025.74;6.8;235;14.5;;0.0
21/07/2023;1800;19.2;19.5;19;86.5;88;85;16.9;17;16.8;0.34;1026.41;1026.08;4.1;242;11.3;;0.0
21/07/2023;1900;18.8;19;18.7;88.6;89;88;16.9;16.9;16.7;0;1026.75;1026.41;3.7;222;8;;0.0
21/07/2023;2000;18.6;18.8;18.5;89.3;90;89;16.8;17.1;16.7;0.34;1026.75;1026.41;4.7;237;12.9;;0.0
21/07/2023;2100;18.4;18.5;18.3;89.7;90;89;16.6;16.8;16.6;0;1026.75;1026.41;3.8;209;8;;0.0
21/07/2023;2200;18.8;19;18.5;89.7;90;89;17;17.2;16.8;0;1026.75;1026.41;5.4;241;11.3;;0.0
21/07/2023;2300;18.7;19;18.5;89.5;90;89;16.9;17.2;16.8;-0.34;1026.75;1026.08;3.3;247;9.7;;0.0
22/07/2023;000;19;19.2;18.6;87.1;90;85;16.8;17.2;16.6;-0.34;1026.41;1026.08;7.2;255;12.9;;0.0
22/07/2023;100;19.2;19.2;19.1;85.6;86;85;16.7;16.8;16.5;-0.34;1026.08;1025.74;6.6;258;11.3;;0.0
22/07/2023;200;19.1;19.2;19;87;88;86;16.9;17.1;16.7;0;1025.4;1025.06;3.2;249;8;;0.0
22/07/2023;300;19;19.1;18.9;88.9;89;88;17.2;17.3;17.1;-0.34;1025.4;1025.06;3.3;235;6.4;;0.0
22/07/2023;400;18.7;18.9;18.6;90.3;91;89;17.1;17.2;16.9;0.34;1025.4;1025.06;3.3;233;6.4;;0.0
22/07/2023;500;18.7;18.7;18.6;91;91;91;17.2;17.2;17.1;0;1025.4;1025.06;3.8;239;8;;0.0
22/07/2023;600;18.7;18.8;18.6;91.3;92;91;17.2;17.3;17.1;0.68;1026.08;1025.4;4.7;254;8;;0.0
22/07/2023;700;18.7;18.8;18.6;91.5;92;91;17.3;17.4;17.2;1.02;1027.09;1026.08;4.3;255;8;;0.0
22/07/2023;800;19.2;19.7;18.7;88.8;91;87;17.3;17.5;16.9;0.34;1027.43;1027.09;4.7;259;8;;0.0
22/07/2023;900;20.5;21.5;19.7;83.7;87;80;17.7;17.9;17.4;0.34;1027.77;1027.43;5.9;249;9.7;;0.0
22/07/2023;1000;22.3;23.1;21.4;78.2;81;75;18.3;18.7;17.8;-0.68;1027.77;1027.09;6.9;241;12.9;;0.0
22/07/2023;1100;23.3;24;22.9;74;76;73;18.4;18.8;18.1;-1.02;1027.09;1026.08;6.5;242;11.3;;0.0
22/07/2023;1200;24;24.3;23.6;72.6;73;72;18.8;19.1;18.4;-1.36;1026.08;1024.72;6.9;196;16.1;;0.0
22/07/2023;1300;24.3;24.7;23.9;71.4;73;69;18.8;19.1;18.5;-0.34;1024.38;1024.04;7;227;14.5;;0.0
22/07/2023;1400;24;24.4;23.6;71.9;73;71;18.6;18.8;18.4;-0.68;1023.71;1023.03;7.1;169;16.1;;0.0
22/07/2023;1500;23.4;24;23.2;74.1;75;72;18.5;18.7;18.3;-0.68;1023.03;1022.35;5.8;137;14.5;;0.0
22/07/2023;1600;22.5;23.2;21.8;76.8;79;75;18.3;18.6;17.9;-0.34;1022.35;1022.01;5.3;203;12.9;;0.0
22/07/2023;1700;21.1;21.8;20.4;80.7;83;79;17.6;17.9;17.3;0;1022.01;1022.01;5.2;172;9.7;;0.0
22/07/2023;1800;19.7;19.7;19.7;87;87;87;17.5;17.5;17.5;0;1022.01;1022.01;4.1;190;6.4;;0.0
22/07/2023;1900;19.6;19.7;19.4;87.9;89;87;17.5;17.6;17.4;0;1022.01;1021.67;5.4;354;11.3;;0.0
22/07/2023;2000;19.3;19.4;19.3;89.6;90;89;17.6;17.7;17.5;0;1022.01;1022.01;4.1;195;9.7;;0.0
22/07/2023;2100;19.3;19.4;19.2;90;90;90;17.6;17.7;17.6;0.34;1022.35;1022.01;4.9;225;11.3;;0.0
22/07/2023;2200;19.5;19.5;19.4;89.6;90;89;17.7;17.8;17.6;0.34;1022.69;1022.35;3.9;220;9.7;;0.0
22/07/2023;2300;19.6;19.6;19.5;89;89;89;17.7;17.7;17.6;-0.34;1022.69;1022.35;4.4;227;9.7;;0.0
23/07/2023;000;19.6;19.6;19.6;89.2;90;89;17.8;17.9;17.7;0;1022.35;1022.35;3.7;158;8;;0.0
23/07/2023;100;19.5;19.6;19.5;89.5;90;88;17.8;17.9;17.4;-0.34;1022.35;1022.01;4.2;232;9.7;;0.0
23/07/2023;200;19.5;19.5;19.5;86.4;88;86;17.2;17.4;17.1;0.68;1022.69;1022.01;4.3;237;8;;0.0
23/07/2023;300;19.4;19.5;19.3;86.3;87;86;17.1;17.2;17;0;1022.69;1022.69;2.7;218;6.4;;0.0
23/07/2023;400;19.1;19.3;18.8;87.2;88;87;16.9;17.1;16.7;0.68;1023.37;1022.69;0.8;99;4.8;;0.0
23/07/2023;500;18.1;18.7;17.5;90;91;88;16.5;16.8;16;0;1023.37;1023.37;0.2;85;3.2;;0.0
23/07/2023;600;17.2;17.5;17;92.2;93;91;15.9;16.1;15.7;0.68;1024.04;1023.37;1;266;3.2;;0.0
23/07/2023;700;17.6;18.3;17;92.3;93;90;16.3;16.9;15.7;0.68;1024.72;1024.04;3.7;264;8;;0.0
23/07/2023;800;19;19.7;18.3;86.6;90;83;16.7;16.8;16.4;1.03;1026.08;1025.06;5.7;261;9.7;;0.0
23/07/2023;900;20.9;21.6;19.7;79.8;83;78;17.3;17.7;16.7;0;1026.08;1025.74;4.1;249;12.9;;0.0
23/07/2023;1000;22.4;23.3;21.6;76.7;79;75;18.1;18.6;17.6;-0.68;1026.08;1025.4;6.8;236;12.9;;0.0
23/07/2023;1100;23.8;24.5;23.3;72.1;75;70;18.4;18.8;18.1;-1.02;1025.4;1024.38;7.9;231;17.7;;0.0
23/07/2023;1200;25;25.7;24.4;68.7;71;67;18.9;19.1;18.7;-1.02;1024.38;1023.37;6.2;208;12.9;;0.0
23/07/2023;1300;26;26.4;25.6;66.2;67;65;19.2;19.7;18.9;-1.36;1023.37;1022.01;8.1;289;17.7;;0.0
23/07/2023;1400;26.5;26.9;26.1;66.8;67;66;19.8;20.1;19.5;-0.68;1022.01;1021.33;6.2;48;17.7;;0.0
23/07/2023;1500;26.3;27.1;25.7;68.5;70;66;20;20.2;19.7;-0.34;1021.33;1021;6.3;223;14.5;;0.0
23/07/2023;1600;25.2;25.9;24.1;71.8;75;70;19.8;20.1;19.3;0.34;1021.33;1021;5.5;245;11.3;;0.0
23/07/2023;1700;23;24.1;21.7;78;81;75;18.9;19.4;18.3;0.34;1021.67;1021.33;5.1;252;9.7;;0.0
23/07/2023;1800;21.3;21.7;20.9;82.8;84;81;18.2;18.4;18.1;0.34;1022.01;1021.67;6.4;253;9.7;;0.0
23/07/2023;1900;20.8;20.9;20.6;84.2;85;84;18;18.1;17.9;0;1022.01;1022.01;5.4;256;9.7;;0.0
23/07/2023;2000;20.3;20.6;20.1;86.3;87;85;18;18.2;17.8;0;1022.01;1022.01;5.4;245;11.3;;0.0
23/07/2023;2100;19.9;20.1;19.8;88.4;89;87;17.9;18.1;17.8;0.34;1022.35;1022.01;4.1;245;9.7;;0.0
23/07/2023;2200;19.8;19.8;19.7;89;89;89;17.9;17.9;17.8;0;1022.35;1022.35;4.3;251;8;;0.0
23/07/2023;2300;19.5;19.7;19.4;90.1;91;89;17.9;17.9;17.7;0;1022.35;1022.35;2.7;257;6.4;;0.0
24/07/2023;000;19.1;19.4;19;91.5;92;91;17.7;17.9;17.5;0;1022.35;1022.01;1.3;260;6.4;;0.0
24/07/2023;100;19;19;18.9;92.6;93;92;17.7;17.8;17.7;-0.34;1022.35;1022.01;3.9;261;6.4;;0.0
24/07/2023;200;18.7;18.9;18.3;93;93;93;17.5;17.7;17.1;0;1022.35;1021.67;0.9;261;4.8;;0.0
24/07/2023;300;18.1;18.3;18;93.8;94;93;17.1;17.3;17;0.34;1022.35;1022.01;0.4;267;3.2;;0.0
24/07/2023;400;18;18;17.9;94.9;95;94;17.1;17.2;17;0;1022.35;1022.01;0.2;261;3.2;;0.0
24/07/2023;500;17.8;17.9;17.6;95;95;95;17;17.1;16.8;0.34;1022.69;1022.35;0;270;0;;0.0
24/07/2023;600;17.5;17.6;17.4;95.1;96;95;16.7;16.9;16.6;0.68;1023.37;1022.69;0.4;72;3.2;;0.0
24/07/2023;700;17.9;18.3;17.6;96;96;96;17.2;17.6;16.9;0.34;1023.71;1023.37;1.1;48;3.2;;0.0
24/07/2023;800;18.9;19.9;18.3;93.7;96;89;17.9;18.3;17.6;0.34;1024.04;1023.71;2.9;72;4.8;;0.0
24/07/2023;900;21.1;21.7;19.9;83.9;89;82;18.2;18.7;17.9;0.34;1024.38;1024.04;2.6;115;6.4;;0.0
24/07/2023;1000;22.1;23.3;21.4;79.7;82;75;18.4;18.8;18.2;0;1024.38;1024.04;3.8;253;8;;0.0
24/07/2023;1100;23.5;24;23.1;74.6;76;73;18.7;19;18.4;-1.02;1024.04;1023.03;5.9;240;12.9;;0.0
24/07/2023;1200;25.1;26.3;23.7;69.6;74;67;19.1;20.1;18.6;-1.36;1023.03;1021.67;3.8;218;9.7;;0.0
24/07/2023;1300;24.1;25.8;22.5;74.8;78;71;19.4;20.1;18.4;0;1021.67;1021.67;14;74;22.5;;0.0
24/07/2023;1400;22.1;22.7;21.6;79.8;81;78;18.5;18.8;18.2;-0.34;1021.67;1021.33;13.7;72;24.1;;0.0
24/07/2023;1500;21.3;22;20.5;82.2;85;80;18.1;18.6;17.7;-0.68;1021.33;1020.66;12.1;82;19.3;;0.0
24/07/2023;1600;20.2;20.7;20;85.7;86;85;17.7;18.1;17.6;-0.34;1021.33;1021;7.5;79;14.5;;0.0
24/07/2023;1700;20;20;19.9;86.5;87;86;17.7;17.8;17.5;0;1021;1020.66;4.1;136;9.7;;0.0
24/07/2023;1800;19.6;19.9;19.5;86.5;87;86;17.3;17.5;17.2;0.68;1021.67;1021;3.7;233;11.3;;0.0
24/07/2023;1900;19.5;19.5;19.4;87.2;88;87;17.3;17.4;17.3;0.34;1021.67;1021.33;1.1;247;6.4;;0.0
24/07/2023;2000;19.2;19.4;19.1;89;89;88;17.4;17.5;17.3;0;1022.01;1021.67;5.4;76;8;;0.0
24/07/2023;2100;18.9;19.1;18.7;90.7;93;89;17.3;17.6;17.2;-0.34;1022.35;1022.01;4.4;76;6.4;;0.0
24/07/2023;2200;18.6;18.7;18.5;93.7;94;93;17.6;17.7;17.5;0;1022.35;1022.35;3.2;77;6.4;;0.0
24/07/2023;2300;18.5;18.5;18.5;94;95;94;17.5;17.7;17.5;-0.68;1022.35;1021.67;1.7;82;4.8;;0.0
25/07/2023;000;18.5;18.5;18.5;95;95;95;17.7;17.7;17.7;-0.34;1021.67;1021.33;0;23;0;;0.0
25/07/2023;100;18.5;18.5;18.5;95;95;95;17.7;17.7;17.7;-0.34;1021.33;1021;0;45;0;;0.0
25/07/2023;200;18.6;18.7;18.5;95;95;95;17.8;17.9;17.7;-0.68;1021;1020.32;1.2;258;4.8;;0.0
25/07/2023;300;18.7;18.7;18.7;95;95;95;17.9;17.9;17.9;-0.68;1020.32;1019.64;1;240;6.4;;0.0
25/07/2023;400;18.7;18.8;18.7;94.3;95;94;17.8;17.9;17.7;-0.68;1019.64;1018.96;2.6;228;6.4;;0.0
25/07/2023;500;18.8;18.8;18.8;93.3;94;93;17.7;17.8;17.6;0;1019.3;1018.63;3.6;213;9.7;;0.0
25/07/2023;600;18.8;18.9;18.8;93;93;93;17.7;17.7;17.6;0.34;1019.3;1018.63;5.8;245;12.9;;0.0
25/07/2023;700;19;19.1;18.9;92.2;93;92;17.7;17.8;17.6;0;1019.64;1019.3;4.3;231;11.3;;0.0
25/07/2023;800;19.4;19.7;19.1;90.9;92;89;17.9;17.9;17.7;0;1019.3;1019.3;6;249;11.3;;0.0
25/07/2023;900;20.5;21.3;19.7;85.9;89;83;18;18.4;17.8;0.34;1019.64;1019.3;7.9;239;16.1;;0.0
25/07/2023;1000;21.6;22.1;21.3;81.6;83;80;18.4;18.7;18.2;-0.34;1019.64;1019.3;5.8;223;14.5;;0.0
25/07/2023;1100;22.6;23.5;22;78.1;81;75;18.6;19;18.4;-1.03;1019.3;1018.29;6.9;235;14.5;;0.0
25/07/2023;1200;23.7;24.6;22.7;74.6;77;72;18.9;19.4;18.3;-1.36;1018.29;1016.93;6.2;225;14.5;;0.0
25/07/2023;1300;25.1;25.7;24.4;71.6;73;70;19.6;20.1;19.2;-0.68;1016.93;1016.26;6.8;233;12.9;;0.0
25/07/2023;1400;25.8;26.1;25.3;70.7;71;70;20.1;20.2;19.6;-0.34;1016.26;1015.92;5.9;242;12.9;;0.0
25/07/2023;1500;25.7;26.2;25.1;71;72;70;20;20.3;19.7;-0.34;1015.92;1015.58;4.8;247;9.7;;0.0
25/07/2023;1600;24.3;25.3;23.6;74;76;72;19.4;19.9;18.9;0.34;1015.92;1015.24;5.8;256;11.3;;0.0
25/07/2023;1700;22.3;23.6;20.8;80.8;85;76;18.8;19.2;18.2;0.68;1016.59;1015.92;2.7;270;8;;0.0
25/07/2023;1800;20.2;20.8;19.9;86.8;88;85;18;18.3;17.8;0.68;1017.27;1016.59;0.5;266;3.2;;0.0
25/07/2023;1900;19.5;19.9;19.1;88.8;90;88;17.6;17.8;17.3;0.34;1017.61;1017.27;0.8;273;4.8;;0.0
25/07/2023;2000;18.7;19;18.4;90.6;91;90;17.1;17.3;16.9;0.34;1017.95;1017.61;0.7;190;4.8;;0.0
25/07/2023;2100;18.2;18.4;18;91.6;92;91;16.8;16.9;16.7;0;1017.95;1017.95;0.4;253;3.2;;0.0
25/07/2023;2200;18.4;18.5;18.1;92.7;93;92;17.2;17.3;16.8;-0.34;1017.95;1017.61;0;248;0;;0.0
25/07/2023;2300;18.6;18.8;18.5;93;93;93;17.5;17.6;17.3;-0.68;1017.61;1016.93;0.1;80;3.2;;0.0
26/07/2023;000;18.8;18.9;18.8;93;93;93;17.7;17.7;17.6;0;1017.27;1016.93;0.1;96;3.2;;0.0
26/07/2023;100;19.1;19.1;18.9;92.3;93;91;17.8;17.9;17.6;0;1016.93;1016.93;1.9;235;6.4;;0.0
26/07/2023;200;19.1;19.1;19.1;91;91;91;17.6;17.6;17.6;-0.34;1016.93;1016.26;4.1;233;9.7;;0.0
26/07/2023;300;19.1;19.1;19.1;90.4;91;90;17.5;17.6;17.4;-0.34;1016.59;1016.26;4.4;221;9.7;;0.0
26/07/2023;400;19.1;19.1;19;90;90;90;17.4;17.4;17.3;-0.34;1016.26;1015.92;4.2;232;11.3;;0.0
26/07/2023;500;19;19;19;90.6;91;90;17.4;17.5;17.3;0;1015.92;1015.92;6.7;238;12.9;;0.0
26/07/2023;600;19;19;18.9;91;91;91;17.5;17.5;17.4;0;1015.92;1015.92;8.5;243;16.1;;0.0
26/07/2023;700;19.2;19.7;18.9;90.7;91;90;17.7;18.1;17.4;0;1015.92;1015.92;8.4;247;14.5;;0.0
26/07/2023;800;20;20.6;19.7;88.6;90;86;18.1;18.3;17.8;0.68;1016.59;1015.92;7.9;244;17.7;;0.0
26/07/2023;900;21;22;20.5;83.8;86;80;18.2;18.5;17.9;0.34;1017.27;1016.59;6.5;214;12.9;;0.0
26/07/2023;1000;23;23.8;21.9;76.6;80;73;18.6;19;18.3;0;1016.93;1016.93;4.1;161;12.9;;0.0
26/07/2023;1100;25.1;26.2;23.8;68.8;73;66;19;19.3;18.4;-0.68;1016.93;1016.26;5.4;105;11.3;;0.0
26/07/2023;1200;26.7;28;25.9;63.5;66;59;19.2;19.7;18.7;-1.03;1015.92;1014.9;5.2;129;11.3;;0.0
26/07/2023;1300;28;28.5;27.2;57.3;59;56;18.7;19.3;18.3;-0.68;1014.9;1014.22;5.1;203;12.9;;0.0
26/07/2023;1400;28;28.7;27.3;57.5;59;55;18.8;19.3;18.3;-0.35;1014.22;1013.88;5.1;184;11.3;;0.0
26/07/2023;1500;26.9;28;26.2;61.1;63;57;18.7;19.3;18.3;0.35;1014.22;1013.88;4.9;215;11.3;;0.0
26/07/2023;1600;25.7;26.7;24.9;67.9;71;63;19.3;19.8;19;0.68;1014.9;1014.22;5.2;166;11.3;;0.0
26/07/2023;1700;23.4;24.9;22.8;74.6;76;71;18.6;19.3;18.3;0.34;1015.24;1014.9;8.4;243;12.9;;0.0
26/07/2023;1800;22.2;22.8;21.6;78.7;82;76;18.3;18.6;18.2;0.68;1016.26;1015.24;6.5;248;11.3;;0.0
26/07/2023;1900;21.3;21.6;21.1;82.8;84;82;18.3;18.4;18.2;0;1015.92;1015.58;6;257;9.7;;0.0
26/07/2023;2000;20.7;21.1;20.4;85.8;87;84;18.2;18.3;18;0;1015.92;1015.92;0.4;261;4.8;;0.0
26/07/2023;2100;20.5;20.8;20.3;87;87;87;18.3;18.6;18.1;0.68;1016.59;1015.92;3.5;247;9.7;;0.0
26/07/2023;2200;20.6;20.8;20.5;87.3;88;87;18.5;18.6;18.3;0.73;1017.27;1016.59;2.4;263;8;;0.0
26/07/2023;2300;20.9;21.1;20.5;84;88;81;18.1;18.7;17.6;1.37;1018.63;1017.27;6.5;261;22.5;;0.0
27/07/2023;000;20.3;20.8;20;84.2;86;82;17.5;17.7;17.4;-0.68;1018.63;1017.95;6.1;245;16.1;;0.0
27/07/2023;100;20.1;20.2;19.9;83.7;85;82;17.2;17.5;16.7;0.34;1018.96;1017.95;8.3;270;20.9;;0.0
27/07/2023;200;19.4;19.9;18.9;80.5;82;78;15.9;16.7;14.9;0;1018.96;1018.63;9.4;91;20.9;;0.0
27/07/2023;300;18.8;18.9;18.8;76.8;78;76;14.6;14.9;14.4;0.34;1019.64;1019.3;5.4;265;12.9;;0.0
27/07/2023;400;18.7;18.8;18.5;75.9;76;75;14.3;14.4;14;0.34;1019.98;1019.64;5.9;248;12.9;;0.0
27/07/2023;500;18.3;18.5;18.1;75.6;77;75;13.9;14;13.8;1.02;1021;1019.98;5.4;258;16.1;;0.0
27/07/2023;600;17.9;18.1;17.8;77.3;78;77;13.9;14;13.7;0.34;1021.33;1021;5.1;252;11.3;;0.0
27/07/2023;700;17.8;17.8;17.8;77;77;76;13.7;13.7;13.5;1.02;1022.35;1021.33;5.7;257;11.3;;0.0
27/07/2023;800;17.9;18;17.8;76.1;77;76;13.6;13.8;13.5;0.68;1023.03;1022.35;5.6;252;12.9;;0.0
27/07/2023;900;18.2;18.3;18;74.9;76;74;13.6;13.8;13.4;1.02;1024.04;1023.03;5.2;23;11.3;;0.0
27/07/2023;1000;18.1;18.4;18;73.9;75;71;13.4;13.7;13.1;0.68;1024.38;1023.71;4.8;293;9.7;;0.0
27/07/2023;1100;18.7;18.9;18.4;70.4;71;70;13.2;13.3;13;-0.34;1024.38;1024.04;4.8;252;11.3;;0.0
27/07/2023;1200;19.1;19.3;18.8;70.1;71;70;13.5;13.9;13.2;0;1024.04;1023.71;4.5;257;9.7;;0.0
27/07/2023;1300;18.6;19.2;17.7;71.7;74;70;13.4;13.6;13;-0.34;1023.71;1023.37;4.7;266;9.7;;0.0
27/07/2023;1400;17.5;17.7;17.4;73.7;74;73;12.8;13;12.5;0.34;1023.71;1023.37;4.6;17;11.3;;0.0
27/07/2023;1500;17.2;17.4;17.1;73.8;75;73;12.5;12.7;12.4;0.34;1024.04;1023.71;3.5;246;8;;0.0
27/07/2023;1600;17.1;17.1;16.9;74.9;76;74;12.6;12.8;12.4;0;1024.04;1023.71;2.1;146;6.4;;0.0
27/07/2023;1700;16.6;16.9;16.2;77;79;75;12.5;12.8;12.3;0.34;1024.38;1024.04;0.3;81;4.8;;0.0
27/07/2023;1800;15.9;16.2;15.7;79.4;80;79;12.3;12.6;12.1;0;1024.72;1024.38;0;270;0;;0.0
27/07/2023;1900;15.7;15.7;15.6;79.5;80;79;12.2;12.3;12;0.68;1025.06;1024.38;0;270;0;;0.0
27/07/2023;2000;15.6;15.6;15.5;78.9;80;77;11.9;12.2;11.6;0.34;1025.4;1025.06;0;270;0;;0.0
27/07/2023;2100;15.7;16.1;15.6;80.8;82;79;12.4;13.1;12;0.34;1025.74;1025.4;1;262;6.4;;0.0
27/07/2023;2200;16.3;16.4;16.1;81.2;83;79;13;13.4;12.6;0;1025.74;1025.4;5.1;265;9.7;;0.0
27/07/2023;2300;16.5;16.6;16.4;77.8;79;77;12.6;12.8;12.6;0;1026.08;1025.74;5.5;263;9.7;;0.0
28/07/2023;000;16.5;16.6;16.3;78.7;79;78;12.8;12.9;12.6;-1.36;1025.74;1024.38;1.6;260;4.8;;0.0
28/07/2023;100;16.1;16.3;15.7;80.5;83;79;12.7;12.9;12.6;-0.68;1024.38;1023.71;1.3;254;4.8;;0.0
28/07/2023;200;16;16.3;15.5;81.1;84;80;12.8;13;12.7;-0.68;1023.71;1023.03;4.5;255;8;;0.0
28/07/2023;300;16.3;16.3;16.3;80.8;82;79;13;13.2;12.6;-0.68;1023.03;1022.35;5.2;256;9.7;;0.0
28/07/2023;400;16.3;16.3;16.2;79.7;80;79;12.8;12.8;12.6;-1.36;1022.35;1021;4.1;252;8;;0.0
28/07/2023;500;16.3;16.5;16.2;81;81;80;13.1;13.2;12.8;0.34;1021.67;1021;5;248;9.7;;0.0
28/07/2023;600;16.9;17.2;16.5;81.6;82;81;13.7;14.1;13.2;-0.34;1021.33;1021;9;256;16.1;;0.0
28/07/2023;700;17.3;17.5;17.2;81.8;82;81;14.2;14.4;13.9;0;1021.33;1021;7.6;257;17.7;;0.0
28/07/2023;800;17.7;17.7;17.5;81;81;81;14.4;14.4;14.2;0.34;1021.33;1021;7.7;255;14.5;;0.0
28/07/2023;900;18.1;18.8;17.7;80.5;82;79;14.7;15.3;14.4;1.37;1022.69;1021.33;5.3;256;11.3;;0.0
28/07/2023;1000;18.6;18.8;18.2;78.8;80;78;14.9;15.3;14.3;0;1023.03;1022.69;3.9;267;12.9;;0.0
28/07/2023;1100;18.2;18.2;18.1;76.8;78;76;14.1;14.3;13.8;0.68;1023.37;1022.69;4.2;267;9.7;;0.0
28/07/2023;1200;18;18.5;17.5;78.6;81;76;14.3;14.4;13.9;-0.68;1023.37;1022.69;3.8;290;9.7;;0.0
28/07/2023;1300;18.1;18.5;17.5;77.4;81;76;14.1;14.3;13.7;-0.34;1022.69;1022.35;4.8;263;8;;0.0
28/07/2023;1400;18.5;18.7;18.4;76.1;77;76;14.2;14.4;14.1;0;1022.69;1022.35;4.7;181;9.7;;0.0
28/07/2023;1500;18.1;18.6;17.7;76.3;77;76;13.8;14.3;13.5;0.34;1022.69;1022.35;4.5;131;12.9;;0.0
28/07/2023;1600;17.6;18.2;16.7;77.7;80;76;13.6;14.1;13.2;1.02;1023.71;1022.69;6.7;320;16.1;;0.0
28/07/2023;1700;16.5;16.7;16.2;79.6;80;79;12.9;13.3;12.7;0.34;1024.04;1023.71;6.4;291;17.7;;0.0
28/07/2023;1800;16;16.2;15.9;80.1;81;79;12.6;12.9;12.3;0.68;1024.72;1024.04;4.6;245;9.7;;0.0
28/07/2023;1900;15.8;16;15.6;78.4;79;78;12.1;12.3;11.9;0;1024.72;1024.38;4.9;301;11.3;;0.0
28/07/2023;2000;15.4;15.6;15.2;78.8;79;78;11.8;12;11.4;0.68;1025.06;1024.38;6;282;12.9;;0.0
28/07/2023;2100;15.1;15.2;15.1;78;78;78;11.3;11.4;11.3;0.34;1025.74;1025.4;6.1;250;12.9;;0.0
28/07/2023;2200;15;15.1;14.9;77;78;77;11;11.3;10.9;0;1026.08;1025.74;5.6;275;11.3;;0.0
28/07/2023;2300;14.8;14.9;14.8;77.2;78;76;10.9;11;10.7;0.34;1026.41;1026.08;5.8;257;14.5;;0.0
29/07/2023;000;14.8;14.9;14.8;76.5;77;76;10.7;10.8;10.6;0.68;1026.75;1026.08;5.1;241;12.9;;0.0
29/07/2023;100;14.7;14.8;14.6;76.4;77;76;10.6;10.8;10.4;0;1026.75;1026.41;3.7;247;9.7;;0.0
29/07/2023;200;14.6;14.6;14.6;74.7;76;74;10.1;10.4;10;0;1026.75;1026.41;4.6;275;9.7;;0.0
29/07/2023;300;14.3;14.6;13.9;73.3;74;73;9.6;10;9.1;-0.34;1026.41;1026.08;3.6;264;8;;0.0
29/07/2023;400;13.4;13.9;13;74.8;77;73;9;9.2;8.8;0.34;1026.41;1026.08;2.9;278;6.4;;0.0
29/07/2023;500;12.7;13;12.4;77.2;78;76;8.8;9.1;8.7;0.34;1026.75;1026.41;2.5;277;6.4;;0.0
29/07/2023;600;11.4;12.4;10.8;80.5;83;78;8.2;8.7;7.9;0.34;1027.09;1026.75;0.5;233;4.8;;0.0
29/07/2023;700;11.8;13.2;10.8;80;83;75;8.5;9;7.8;0.68;1027.77;1027.09;1.9;264;6.4;;0.0
29/07/2023;800;13.8;14.5;13.2;70.4;75;66;8.4;8.9;8;0.34;1028.11;1027.77;2;272;4.8;;0.0
29/07/2023;900;15.4;16.3;14.5;63.6;67;60;8.6;9.1;8.1;0.68;1028.78;1028.11;3.8;271;9.7;;0.0
29/07/2023;1000;17;18.1;15.9;58.5;62;56;8.8;9.3;8.2;0.34;1028.78;1028.45;4.1;280;9.7;;0.0
29/07/2023;1100;19;20;18.1;55;57;53;9.8;10.2;9.2;-0.34;1028.78;1028.11;3.5;290;8;;0.0
29/07/2023;1200;20.1;20.9;19.4;52.3;54;51;10;10.9;9.6;-1.02;1028.11;1027.09;3.2;309;6.4;;0.0
29/07/2023;1300;21;21.6;20.3;52.1;53;51;10.8;11.3;10.2;-0.68;1027.09;1026.41;3.4;298;9.7;;0.0
29/07/2023;1400;21.4;21.9;20.8;52.7;57;50;11.3;11.9;10.7;0;1026.08;1026.08;3.3;328;9.7;;0.0
29/07/2023;1500;20.6;21.2;20;56.3;58;54;11.6;11.9;10.9;-0.34;1026.08;1025.74;3.3;32;6.4;;0.0
29/07/2023;1600;18.9;20.1;17.5;63.8;69;58;11.8;12.1;11.6;0.68;1026.41;1025.74;9.4;72;16.1;;0.0
29/07/2023;1700;16.3;17.5;15.4;74.1;78;69;11.7;12;11.4;0.34;1026.75;1026.41;8.1;83;14.5;;0.0
29/07/2023;1800;14.8;15.4;14.1;79.4;82;78;11.2;11.6;10.8;0.68;1027.77;1027.09;2;74;8;;0.0
29/07/2023;1900;13.8;14.1;13.5;82.9;84;82;10.9;11.1;10.7;0;1027.77;1027.43;0.3;192;3.2;;0.0
29/07/2023;2000;13.2;13.6;12.8;86.5;88;84;11;11.3;10.7;0;1028.11;1027.77;1.4;271;8;;0.0
29/07/2023;2100;12.6;12.8;12.4;89.1;90;88;10.8;11;10.6;0.34;1028.11;1027.77;0.9;266;3.2;;0.0
29/07/2023;2200;12.5;12.8;12.4;90.9;91;90;11.1;11.3;10.8;0.34;1028.45;1028.11;1.7;258;8;;0.0
29/07/2023;2300;12.7;13;12;87.2;90;86;10.7;11.3;10;0;1028.11;1028.11;2.1;262;8;;0.0
30/07/2023;000;11.5;12;11.1;89.1;90;88;9.8;10.1;9.6;0;1027.77;1027.77;0.3;43;3.2;;0.0
30/07/2023;100;11.4;11.9;11;91;92;89;10;10.3;9.6;-0.68;1027.77;1027.09;2.1;264;6.4;;0.0
30/07/2023;200;12.2;12.5;11.9;87;89;86;10.1;10.3;9.9;-0.34;1027.09;1026.75;4.9;262;11.3;;0.0
30/07/2023;300;12.5;12.6;12.4;85.4;86;85;10.2;10.3;10.1;-0.34;1026.75;1026.41;7.2;253;12.9;;0.0
30/07/2023;400;12.5;12.9;12.3;84.7;87;82;10;10.2;9.9;-0.34;1026.41;1026.08;5.6;258;9.7;;0.0
30/07/2023;500;12.9;13;12.8;82.4;86;81;10;10.6;9.6;-0.34;1026.08;1025.4;4.8;253;8;;0.0
30/07/2023;600;12.8;12.9;12.7;85.9;86;85;10.5;10.6;10.3;0.34;1026.08;1025.74;4;250;9.7;;0.0
30/07/2023;700;13.6;14.2;12.7;78.5;85;75;10;10.3;9.7;0.34;1026.41;1026.08;8;255;17.7;;0.0
30/07/2023;800;14.6;15.2;14.2;75.2;76;73;10.3;10.6;9.8;0.34;1026.75;1026.41;8;254;14.5;;0.0
30/07/2023;900;16.4;17.6;15.2;71.1;73;68;11.1;11.7;10.4;-0.34;1026.75;1026.41;8.6;255;16.1;;0.0
30/07/2023;1000;18.5;19.4;17.6;67.2;69;64;12.3;13;11.5;-0.34;1026.41;1026.08;7.6;245;16.1;;0.0
30/07/2023;1100;20.1;20.8;19.3;62;65;59;12.6;13.1;12.3;-0.68;1026.08;1025.4;7.8;233;14.5;;0.0
30/07/2023;1200;21.3;22;20.8;57.3;59;55;12.5;12.8;12.2;-0.68;1025.06;1024.38;7.9;212;16.1;;0.0
30/07/2023;1300;22.1;22.5;21.5;54.6;56;53;12.5;12.8;12.2;-1.03;1024.38;1023.37;7.9;226;19.3;;0.0
30/07/2023;1400;22.3;22.6;22;56.5;58;54;13.3;13.8;12.5;-0.34;1023.71;1023.03;7.1;213;14.5;;0.0
30/07/2023;1500;22;22.4;21.5;58.9;61;57;13.6;13.9;13.3;0.34;1023.37;1023.03;6.1;164;12.9;;0.0
30/07/2023;1600;21;21.6;20.5;63;66;61;13.7;14.1;13.4;0;1023.71;1023.37;5.9;156;12.9;;0.0
30/07/2023;1700;19.3;21.1;17.9;71;76;65;13.8;14.3;13.5;0.34;1023.71;1023.37;5.8;215;14.5;;0.0
30/07/2023;1800;17.5;17.9;17.3;78.1;80;76;13.7;13.8;13.5;0.34;1024.04;1023.71;5;214;12.9;;0.0
30/07/2023;1900;17.4;17.5;17.3;80.8;82;80;14.1;14.4;13.8;0;1024.04;1024.04;8.6;248;14.5;;0.0
30/07/2023;2000;17.2;17.4;17.1;82;82;82;14.1;14.3;14;0.34;1024.38;1024.04;8;245;14.5;;0.0
30/07/2023;2100;17.1;17.2;17.1;81.2;82;80;13.9;14.1;13.6;0;1024.72;1024.38;9.3;249;14.5;;0.0
30/07/2023;2200;16.6;17.1;16.1;82.5;84;80;13.5;13.8;13.4;0.34;1025.06;1024.38;7.4;257;12.9;;0.0
30/07/2023;2300;16;16.1;15.8;84.3;86;84;13.3;13.5;13.3;0.34;1025.4;1025.06;6.5;258;11.3;;0.0
31/07/2023;000;15.5;15.8;15;86.3;88;86;13.2;13.4;12.8;0;1025.74;1025.4;3.8;261;8;;0.0
31/07/2023;100;14.7;14.9;14.5;87.9;89;86;12.7;12.9;12.2;-0.34;1025.4;1025.06;4.2;267;9.7;;0.0
31/07/2023;200;14.5;14.8;14.4;84.7;86;84;12;12.2;11.9;-0.34;1025.06;1024.72;5.9;263;9.7;;0.0
31/07/2023;300;14.8;14.9;14.7;83.8;85;83;12.1;12.4;12;-0.68;1024.72;1024.04;6.5;262;11.3;;0.0
31/07/2023;400;14.5;14.7;14.3;84.7;85;83;11.9;12.2;11.6;-0.34;1023.71;1023.37;6.4;260;11.3;;0.0
31/07/2023;500;14.3;14.5;14.1;83.9;85;83;11.6;11.7;11.4;0.68;1024.04;1023.37;5.1;256;9.7;;0.0
31/07/2023;600;14.1;14.2;14.1;84.6;85;84;11.6;11.7;11.4;0.68;1024.72;1024.04;5.8;254;8;;0.0
31/07/2023;700;14.6;15.1;14.1;81.3;84;79;11.4;11.6;11.2;0;1024.72;1024.38;6.9;259;11.3;;0.0
31/07/2023;800;15.8;16.8;15.1;77.9;79;76;12;12.5;11.5;0.68;1025.4;1024.72;7.3;257;11.3;;0.0
31/07/2023;900;17.8;19.1;16.8;73.2;76;70;13;13.7;12.3;0;1025.4;1025.4;4.6;247;8;;0.0
31/07/2023;1000;20.3;21.5;19;67.2;70;64;14;14.6;13.4;-0.34;1025.4;1025.06;4.1;239;9.7;;0.0
31/07/2023;1100;21.9;22.7;21;64.9;66;63;15;15.4;14.2;-0.68;1025.06;1024.38;4.8;277;11.3;;0.0
31/07/2023;1200;23.4;24;22.6;61;63;59;15.5;15.8;15.2;-1.7;1024.38;1022.69;6;236;12.9;;0.0
31/07/2023;1300;24.5;25;24;56.6;59;54;15.3;15.7;14.8;-1.02;1022.69;1021.67;6.2;219;12.9;;0.0
31/07/2023;1400;25.2;25.6;24.8;53.1;54;52;15;15.5;14.4;0;1021.67;1021.33;4.5;231;11.3;;0.0
31/07/2023;1500;25.4;25.6;24.8;53.3;54;52;15.2;15.6;14.7;0.34;1022.01;1021.67;3.5;256;8;;0.0
31/07/2023;1600;24.6;25.5;23.7;58.4;62;53;15.9;16.6;14.7;0.68;1022.69;1022.01;0.7;256;4.8;;0.0
31/07/2023;1700;23.9;25.9;20.4;61.4;70;57;16;17.2;14.5;0.34;1023.03;1022.69;0;270;0;;0.0
31/07/2023;1800;18.7;20.4;17.5;68.3;73;63;12.7;14.9;10.5;0.34;1023.37;1023.03;1.9;270;3.2;;0.0
31/07/2023;1900;17.4;17.5;17.3;69;71;64;11.6;12.1;10.6;0.68;1024.04;1023.37;1.8;272;4.8;;0.0
31/07/2023;2000;17.2;17.3;17.1;74.5;78;71;12.6;13.3;11.9;0.34;1024.38;1024.04;3.1;268;4.8;;0.0
31/07/2023;2100;17.2;17.3;17.1;81.7;83;78;14;14.3;13.2;0;1024.72;1024.38;3.6;273;6.4;;0.0
31/07/2023;2200;16.3;17.2;15.5;84.1;87;82;13.7;14.3;13.3;0;1024.72;1024.38;0.1;303;3.2;;0.0
31/07/2023;2300;15.1;15.5;14.7;88.9;90;87;13.3;13.5;13.1;0;1024.72;1024.38;0.3;272;4.8;;0.0
